Sam19981,sam123,users/Sam19981.txt
karthikjb10,karthik123,users/karthikjb10File.txt
karthikCD,karthik34,users/MyNewFile.txt
karrthik345,karthik456,users/karrthik345File.txt
karthik789,karthik12,users/karthik789File.txt
Eman,eman23,users/EmanFile.txt
emand,mani,users/emandFile.txt
keratin,k123,users/keratinFile.txt
karthik67657,karthik23,users/karthik67657File.txt
karthik6789,karthik345,users/karthik6789File.txt
krthik655,43452,users/krthik655File.txt
karthik34231,42342j,users/karthik34231File.txt
karthik34,ktyhik45,users/emandFile.txt
karthik678,krthik45343,users/karthik678File.txt
karthik345322,katrhik2342,users/karthik345322File.txt
ijisahdih,sdsasa,users/ijisahdihFile.txt
karthih32i4,karthik1234,users/karthih32i4File.txt
karthikaeda,423421,users/karthikaedaFile.txt
karthik78756786,6544353,users/karthik78756786File.txt
karthik8989,karthik567,users/karrthik345File.txt
karthik5656,karthik5656,users/karrthik345File.txt
karthik3434,karthik3434,users/karrthik345File.txt